{"_timestamp":1.7689467691458995e+09,"_step":450,"loss":1.1001296043395996,"loss_data":0.010556833818554878,"_wandb":{"runtime":600},"_runtime":600.543490314,"loss_res":0.04444625973701477,"lr":0.00022500002523884177}