{
    "train": {
        "mae": 0.01852223463356495,
        "mse": 0.0007491431315429509,
        "r2": 0.9419703483581543,
        "relative_l2": 0.1859288364648819,
        "psnr": 32.8146858215332,
        "ssim": 0.9573777735578041,
        "num_samples": 3600
    },
    "test": {
        "mae": 0.019760536029934883,
        "mse": 0.0008804347016848624,
        "r2": 0.9373997449874878,
        "relative_l2": 0.2017515003681183,
        "psnr": 32.21970748901367,
        "ssim": 0.9532002632640733,
        "num_samples": 400
    }
}