{"_wandb":{"runtime":39095},"_runtime":39095.827016591,"_timestamp":1.768995620741252e+09,"_step":100350,"loss":0.12178754806518555,"loss_data":0.0012123662745580077,"loss_res":0.0005509157199412584,"lr":5.621793661703123e-06}