{"loss_data":0.0013994979672133923,"loss_res":0.003425776492804289,"lr":0.0003163000801578164,"_timestamp":1.7689557827612395e+09,"_step":23850,"_wandb":{"runtime":7452},"_runtime":7452.603187265,"loss":0.14337557554244995}